City ID,City,Country,Date,Max Temp,Clouds,Humidity,Wind Speed,Lat,Lng
0,Clyde River,CA,1601160090,26.6,75,100,9.17,70.47,-68.59
1,Faanui,PF,1601159542,78.73,8,77,12.73,-16.48,-151.75
2,Hermanus,ZA,1601160090,45.0,30,92,6.26,-34.42,19.23
3,Hobart,AU,1601159834,46.99,75,49,16.11,-42.88,147.33
4,Luena,AO,1601160091,66.29,0,29,2.51,-11.78,19.92
5,Vaini,TO,1601160091,77.0,20,73,10.29,-21.2,-175.2
6,Melfi,IT,1601159547,57.2,40,62,6.93,41.0,15.65
7,Cape Town,ZA,1601160091,48.99,75,87,10.29,-33.93,18.42
8,Kenora,CA,1601160092,69.8,75,43,8.05,49.82,-94.43
9,Norman Wells,CA,1601159554,46.4,75,65,6.93,65.28,-126.83
10,Bontang,ID,1601160092,78.1,93,86,7.4,0.13,117.5
11,Lethem,GY,1601160092,84.36,96,56,4.63,3.38,-59.8
12,Ribeira Grande,PT,1601160093,70.2,20,86,12.08,38.52,-28.7
13,Mataura,NZ,1601160093,45.0,100,86,15.01,-46.19,168.86
14,Artvin Province,TR,1601160093,69.8,37,83,12.75,41.17,41.83
15,Saint Paul Harbor,US,1601160093,50.0,40,81,8.05,57.79,-152.41
16,Hobyo,SO,1601160094,76.98,20,85,19.93,5.35,48.53
17,Ogbomosho,NG,1601159607,75.2,75,94,2.64,8.13,4.25
18,San Isidro,PE,1601160084,63.0,40,77,12.75,-12.12,-77.05
19,Bambous Virieux,MU,1601159521,69.01,40,82,4.7,-20.34,57.76
20,Kokopo,PG,1601160095,84.11,7,66,2.21,-4.35,152.26
21,Upernavik,GL,1601160095,29.19,100,91,5.86,72.79,-56.15
22,Rikitea,PF,1601160095,74.5,0,83,13.94,-23.12,-134.97
23,Bacolod City,PH,1601160095,81.01,89,80,2.51,10.67,122.95
24,Kavieng,PG,1601160096,84.04,66,78,13.15,-2.57,150.8
25,Auki,SB,1601159601,85.84,13,63,4.47,-8.77,160.7
26,Kirakira,SB,1601160096,84.83,24,71,13.0,-10.45,161.92
27,Puerto Ayora,EC,1601160096,71.01,59,84,5.01,-0.74,-90.35
28,Marrakesh,MA,1601160096,73.4,0,43,6.93,31.63,-8.01
29,Tuktoyaktuk,CA,1601159339,37.4,90,93,16.11,69.45,-133.04
30,Asău,RO,1601160097,55.0,77,98,5.32,46.43,26.4
31,Castro,BR,1601160097,68.16,33,51,3.58,-24.79,-50.01
32,Albany,US,1601160097,75.0,30,69,5.37,42.6,-73.97
33,Punta Arenas,CL,1601159997,42.8,40,60,19.46,-53.15,-70.92
34,Neiafu,TO,1601160098,78.8,20,65,12.75,-18.65,-173.98
35,Qaanaaq,GL,1601159313,13.21,59,77,6.15,77.48,-69.36
36,Salinas,US,1601160098,73.4,1,56,13.87,36.68,-121.66
37,Pevek,RU,1601160098,36.52,100,93,7.87,69.7,170.31
38,Pinega,RU,1601160099,54.73,43,93,6.24,64.7,43.39
39,Saskylakh,RU,1601160099,32.5,96,93,9.15,71.92,114.08
40,Souillac,MU,1601160099,68.0,40,82,4.7,-20.52,57.52
41,Ushuaia,AR,1601160061,39.2,40,69,28.86,-54.8,-68.3
42,Kermanshah,IR,1601160099,60.8,0,36,0.96,34.31,47.06
43,Bluff,NZ,1601160100,45.0,100,86,15.01,-46.6,168.33
44,Atuona,PF,1601160100,78.37,0,74,14.41,-9.8,-139.03
45,Arraial do Cabo,BR,1601159397,75.2,0,83,14.99,-22.97,-42.03
46,Geraldton,AU,1601160100,57.2,90,93,8.05,-28.77,114.6
47,Yellowknife,CA,1601159315,44.6,90,87,11.41,62.46,-114.35
48,Port Blair,IN,1601159371,82.06,88,77,11.92,11.67,92.75
49,São Miguel do Araguaia,BR,1601160101,84.7,12,42,7.09,-13.28,-50.16
50,Richards Bay,ZA,1601160101,62.37,100,76,9.89,-28.78,32.04
51,Marzuq,YE,1601160102,77.72,0,54,2.26,14.4,46.47
52,Khairāgarh,IN,1601160102,77.0,40,94,2.24,26.95,77.82
53,Ancud,CL,1601159572,52.0,81,84,1.01,-41.87,-73.82
54,Ipixuna,BR,1601160102,78.8,40,88,6.93,-1.76,-48.8
55,Straumen,NO,1601159555,46.99,75,100,6.93,63.87,11.3
56,Chokurdakh,RU,1601160103,39.36,100,70,11.92,70.63,147.92
57,Esperance,AU,1601159583,53.6,75,93,8.05,-33.87,121.9
58,Ust-Maya,RU,1601160103,50.99,86,62,11.97,60.42,134.53
59,Itarema,BR,1601160103,77.85,2,78,16.13,-2.92,-39.92
60,Talnakh,RU,1601160104,46.4,90,87,24.61,69.49,88.4
61,Nikolskoye,RU,1601160104,57.0,7,81,6.71,59.7,30.79
62,Jamestown,US,1601160104,73.0,20,64,10.29,42.1,-79.24
63,Atar,MR,1601160087,95.92,1,19,9.8,20.52,-13.05
64,Bredasdorp,ZA,1601160104,46.4,15,87,4.7,-34.53,20.04
65,Adrar,MR,1601159990,97.18,0,9,9.1,20.5,-10.07
66,Kidal,ML,1601160105,89.69,0,14,2.93,18.44,1.41
67,Qax,AZ,1601160105,61.05,77,59,1.77,41.42,46.92
68,Piatra Neamţ,RO,1601160105,60.01,91,60,5.84,46.92,26.33
69,Half Moon Bay,US,1601160106,82.4,1,68,23.04,37.46,-122.43
70,Thompson,CA,1601160106,55.4,75,71,12.75,55.74,-97.86
71,Tasiilaq,GL,1601159557,33.78,100,92,3.96,65.61,-37.64
72,Lebu,CL,1601159573,50.45,36,86,9.4,-37.62,-73.65
73,Kapit,MY,1601160106,73.76,100,93,1.34,2.02,112.93
74,Ibarra,EC,1601159834,62.6,75,67,13.87,0.35,-78.12
75,Iqaluit,CA,1601160107,28.4,75,86,10.29,63.75,-68.51
76,Butaritari,KI,1601160107,82.13,87,74,11.16,3.07,172.79
77,Iisalmi,FI,1601160107,51.8,20,100,1.12,63.56,27.19
78,Lerwick,GB,1601160107,44.6,0,81,14.99,60.15,-1.15
79,Djambala,CG,1601160108,68.67,100,92,6.33,-2.54,14.75
80,Hasaki,JP,1601160108,64.4,75,93,9.17,35.73,140.83
81,Guerrero Negro,MX,1601160016,77.27,0,55,15.41,27.98,-114.06
82,Tegul'det,RU,1601160108,37.54,95,95,4.07,57.31,88.17
83,Sitka,US,1601159827,55.4,75,76,10.29,57.05,-135.33
84,Esperança,BR,1601160109,73.4,21,73,13.87,-7.03,-35.86
85,Husavik,IS,1601160109,53.6,75,62,19.46,66.04,-17.34
86,Satipo,PE,1601160109,77.86,83,59,2.64,-11.25,-74.64
87,Port Elizabeth,ZA,1601160109,50.0,75,76,18.34,-33.92,25.57
88,Mayumba,GA,1601160110,74.84,100,83,8.41,-3.43,10.66
89,Seoul,KR,1601160072,57.2,1,87,4.21,37.57,126.98
90,Saint-Raphaël,HT,1601160110,74.84,12,90,4.74,19.43,-72.2
91,Liku,ID,1601160110,76.01,100,81,3.31,-0.73,119.89
92,Jalu,LY,1601160111,77.88,5,69,11.79,29.03,21.55
93,Hilo,US,1601159739,80.6,90,65,4.7,19.73,-155.09
94,Busselton,AU,1601159385,48.99,93,84,3.85,-33.65,115.33
95,Pangai,TO,1601160111,74.44,63,78,19.6,-19.8,-174.35
96,Ilulissat,GL,1601160112,32.0,100,98,9.17,69.22,-51.1
97,Khatanga,RU,1601160112,40.62,100,88,21.32,71.97,102.5
98,Maniitsoq,GL,1601160112,35.85,100,93,10.04,65.42,-52.9
99,Westlock,CA,1601160112,63.0,1,31,17.22,54.15,-113.87
100,Hong Kong,HK,1601159889,81.0,99,88,20.13,22.29,114.16
101,Yomou,GN,1601160113,69.04,100,99,3.76,7.56,-9.27
102,Kailua,US,1601160113,87.8,75,65,12.75,21.4,-157.74
103,Monte Alegre,BR,1601160113,80.1,67,67,3.29,-2.01,-54.07
104,George Town,MY,1601160114,78.8,40,78,5.82,5.41,100.34
105,Vestmannaeyjar,IS,1601160114,50.14,100,97,5.26,63.44,-20.27
106,Hambantota,LK,1601160114,77.0,16,100,3.36,6.12,81.12
107,Buala,SB,1601159588,84.67,24,71,9.71,-8.14,159.59
108,Cap Malheureux,MU,1601160115,69.01,2,77,5.99,-19.98,57.61
109,Padang,ID,1601159638,75.09,100,80,4.61,-0.95,100.35
110,Shingū,JP,1601160115,70.25,82,81,4.68,33.73,135.98
111,Pacific Grove,US,1601160115,73.0,13,86,5.99,36.62,-121.92
112,Port Alfred,ZA,1601159528,53.6,1,63,17.18,-33.59,26.89
113,Barrow,US,1601159253,32.0,90,97,10.29,71.29,-156.79
114,Krasnosel'kup,RU,1601160116,44.56,100,86,13.22,65.7,82.47
115,Huarmey,PE,1601160116,63.54,12,79,8.9,-10.07,-78.15
116,Mayya,RU,1601160116,51.8,40,71,6.71,61.73,130.28
117,Tuzha,RU,1601160117,47.1,85,82,4.83,57.61,47.94
118,Estevan,CA,1601160117,66.2,40,34,32.21,49.13,-102.98
119,Yuncheng,CN,1601160117,62.92,15,70,5.39,35.02,110.99
120,Cabinda,AO,1601160118,74.16,70,80,7.45,-5.55,12.2
121,Frei Paulo,BR,1601160118,80.6,75,65,10.29,-10.55,-37.53
122,Chenzhou,CN,1601160118,63.39,100,93,2.91,25.8,113.03
123,Anadyr,RU,1601159571,33.8,20,80,6.71,64.75,177.48
124,Saint-Augustin,CA,1601160058,48.63,100,61,13.62,51.23,-58.65
125,Kuah,MY,1601160119,77.0,40,100,2.24,6.33,99.84
126,San Policarpo,PH,1601160119,79.81,58,89,2.46,12.18,125.51
127,New Norfolk,AU,1601159523,46.99,35,71,3.0,-42.78,147.06
128,Avera,US,1601160119,75.2,1,83,4.7,33.19,-82.53
129,Namatanai,PG,1601160119,85.32,16,68,7.9,-3.67,152.43
130,Necochea,AR,1601160120,53.01,100,99,8.01,-38.55,-58.74
131,Acaraú,BR,1601160120,77.65,2,79,16.46,-2.89,-40.12
132,Cabo San Lucas,MX,1601159529,89.6,20,74,4.7,22.89,-109.91
133,Kedrovyy,RU,1601160066,42.8,75,93,6.71,56.17,91.82
134,Latung,PH,1601160120,84.42,76,73,9.24,5.5,120.88
135,Constitución,CL,1601160091,50.92,6,75,9.84,-35.33,-72.42
136,Tevriz,RU,1601160121,42.37,79,84,3.85,57.51,72.4
137,Ilām,NP,1601160121,62.62,72,90,2.68,26.92,87.92
138,Hithadhoo,MV,1601160121,82.45,96,68,6.35,-0.6,73.08
139,Bor,RU,1601160121,53.01,75,76,6.71,56.36,44.07
140,Provideniya,RU,1601160122,37.4,64,72,12.03,64.38,-173.3
141,Arrondissement de Saint-Jean-de-Maurienne,FR,1601160122,28.0,61,96,2.59,45.17,6.58
142,Saint-Philippe,RE,1601159553,68.0,39,64,6.93,-21.36,55.77
143,Bethel,US,1601160123,71.6,75,73,4.7,41.37,-73.41
144,Mayskiy,RU,1601160123,66.2,20,39,24.61,47.69,40.1
145,Hwange,ZW,1601160123,74.32,3,21,5.19,-18.37,26.5
146,Tocopilla,CL,1601160123,61.92,19,65,11.34,-22.09,-70.2
147,Ucluelet,CA,1601160124,57.99,75,87,4.7,48.93,-125.55
148,Meulaboh,ID,1601160124,75.52,76,85,3.62,4.14,96.13
149,Kaitangata,NZ,1601160124,48.0,100,73,11.99,-46.28,169.85
150,Khorixas,NA,1601160124,52.81,0,59,5.84,-20.37,14.97
151,North Platte,US,1601160125,78.8,40,31,16.82,41.12,-100.77
152,Torbay,CA,1601160125,53.01,20,66,5.82,47.67,-52.73
153,Hualmay,PE,1601160125,62.64,21,79,11.12,-11.1,-77.61
154,Vatne,NO,1601160125,48.2,0,70,21.92,62.57,6.65
155,Westport,US,1601160126,72.0,75,83,4.7,41.14,-73.36
156,Pampa,US,1601160126,100.4,1,12,17.22,35.54,-100.96
157,Poyarkovo,RU,1601160126,54.97,81,84,11.99,49.6,128.68
158,Fort Nelson,CA,1601159949,48.2,90,93,11.41,58.81,-122.7
159,Vila Velha,BR,1601160127,75.2,0,83,8.05,-20.33,-40.29
160,Kjøllefjord,NO,1601160127,41.43,0,68,16.22,70.95,27.35
161,Klaksvík,FO,1601160127,46.4,100,81,12.75,62.23,-6.59
162,Noumea,NC,1601159997,80.01,75,78,9.17,-22.28,166.46
163,Tual,ID,1601160127,80.2,84,85,15.68,-5.67,132.75
164,Caernarfon,GB,1601160128,50.0,43,87,3.36,53.14,-4.27
165,Faya,SA,1601160091,66.2,0,29,5.5,18.39,42.45
166,High Level,CA,1601159907,53.6,90,81,6.93,58.52,-117.14
167,Burnie,AU,1601160128,55.0,11,62,20.0,-41.07,145.92
168,Majene,ID,1601160129,78.31,95,82,3.74,-3.54,118.97
169,Sabang,ID,1601160129,81.41,100,80,13.94,5.89,95.32
170,Saint George,US,1601159956,93.2,1,8,9.17,37.1,-113.58
171,Dodola,ET,1601160129,50.76,42,85,1.45,6.98,39.18
172,Pangody,RU,1601160130,46.36,100,93,7.9,65.85,74.49
173,Gizo Government Station,SB,1601160130,83.71,2,71,4.99,-8.1,156.84
174,Dargaville,NZ,1601160130,61.18,86,79,13.78,-35.93,173.88
175,Bako,ET,1601160131,63.79,65,90,3.2,5.78,36.57
176,Yar-Sale,RU,1601160131,44.08,95,92,4.18,66.83,70.83
177,Rocha,UY,1601159574,60.46,100,96,5.59,-34.48,-54.33
178,Taltal,CL,1601160131,56.46,16,75,6.44,-25.4,-70.48
179,Laguna,US,1601160132,90.0,1,25,13.87,38.42,-121.42
180,Coquimbo,CL,1601160132,59.0,0,62,9.17,-29.95,-71.34
181,Ketchikan,US,1601160132,55.4,75,87,9.17,55.34,-131.65
182,Mehamn,NO,1601160132,40.89,0,69,16.49,71.04,27.85
183,Baharly,TM,1601160133,59.68,1,31,5.23,38.44,57.43
184,Simao,CN,1601160133,63.03,55,96,0.6,22.79,100.97
185,Yakeshi,CN,1601160133,51.26,93,90,8.03,49.28,120.73
186,Katobu,ID,1601159569,77.85,100,89,5.21,-4.94,122.53
187,Rabak,SD,1601160133,76.96,98,67,6.55,13.18,32.74
188,Lorengau,PG,1601160134,82.85,98,76,9.62,-2.02,147.27
189,Kwinana,AU,1601160134,48.2,75,65,8.03,-32.25,115.77
190,Leningradskiy,RU,1601159573,32.61,100,96,11.3,69.38,178.42
191,Sandnessjøen,NO,1601160134,41.0,2,86,4.7,66.02,12.63
192,Hervey Bay,AU,1601160135,66.99,0,34,8.01,-25.3,152.85
193,Alice Springs,AU,1601160025,57.2,11,28,9.17,-23.7,133.88
194,Fairbanks,US,1601159929,51.8,40,66,5.82,64.84,-147.72
195,Hergla,TN,1601160135,69.8,21,55,3.36,36.03,10.51
196,Dauriya,RU,1601160135,41.27,3,68,9.1,49.93,116.87
197,Vardø,NO,1601160136,42.24,8,66,16.87,70.37,31.11
198,Piaçabuçu,BR,1601160136,74.08,3,85,8.61,-10.41,-36.43
199,Touros,BR,1601160136,77.0,20,78,9.17,-5.2,-35.46
200,Āsosa,ET,1601160136,61.47,100,99,2.15,10.07,34.53
201,Yulara,AU,1601160137,59.0,0,26,13.87,-25.24,130.99
202,Okha,RU,1601159572,51.73,82,77,13.38,53.57,142.95
203,Karratha,AU,1601160137,68.83,79,33,8.12,-20.74,116.85
204,Waipawa,NZ,1601159614,60.8,42,67,28.86,-41.41,175.52
205,Ponta do Sol,PT,1601160138,71.6,40,60,12.75,32.67,-17.1
206,Ruiru,KE,1601160138,57.0,89,86,5.99,-1.16,36.96
207,Cidreira,BR,1601160138,64.6,95,94,19.33,-30.18,-50.21
208,Port Lincoln,AU,1601159573,54.34,3,62,12.37,-34.73,135.87
209,Naze,JP,1601160138,77.0,75,78,6.93,28.37,129.48
210,Salalah,OM,1601160139,78.8,75,83,4.7,17.02,54.09
211,Mar del Plata,AR,1601160134,54.0,90,100,11.41,-38.0,-57.56
212,Dudinka,RU,1601159582,46.4,90,87,24.61,69.41,86.18
213,Manggar,ID,1601160139,78.19,100,82,2.33,-2.88,108.27
214,Dwārka,IN,1601160139,81.41,53,75,13.8,22.24,68.97
215,George Town,MY,1601159399,78.8,40,78,5.82,5.41,100.34
216,Toms River,US,1601160140,73.4,75,83,4.7,39.95,-74.2
217,Sănduleşti,RO,1601160140,54.0,95,100,6.93,46.58,23.72
218,Vigrestad,NO,1601160140,51.8,100,81,1.12,58.57,5.7
219,Saint-Leu,RE,1601160141,68.0,0,64,9.17,-21.15,55.28
220,Kawalu,ID,1601160141,71.42,70,91,1.16,-7.38,108.21
221,Kumluca,TR,1601160141,76.26,0,62,1.77,36.37,30.29
222,Castrillón,ES,1601160141,60.8,75,100,14.99,43.4,-6.79
223,Kindu,CD,1601160141,72.12,38,84,2.01,-2.95,25.95
224,Belaya Gora,RU,1601160142,43.14,42,61,10.89,68.53,146.42
225,Grand Gaube,MU,1601160142,69.01,4,77,5.99,-20.01,57.66
226,Bosaso,SO,1601160142,84.78,3,72,4.92,11.28,49.18
227,Bengkulu,ID,1601160142,74.7,99,88,6.62,-3.8,102.27
228,Shahr-e Bābak,IR,1601160143,58.03,0,29,5.41,30.12,55.12
229,Kapaa,US,1601160143,86.0,90,62,11.41,22.08,-159.32
230,São João da Barra,BR,1601159553,77.0,0,78,18.34,-21.64,-41.05
231,Dingle,PH,1601159577,79.03,91,85,2.57,11.0,122.67
232,Kongolo,CD,1601160143,74.43,49,75,1.07,-5.38,27.0
233,Kalmunai,LK,1601160144,79.21,100,83,5.82,7.42,81.82
234,Templemore,IE,1601160144,39.99,15,86,3.22,52.79,-7.83
235,Carballo,ES,1601160144,62.6,75,93,8.05,43.21,-8.69
236,Hamilton,US,1601160031,75.99,75,64,11.41,39.18,-84.53
237,Whitianga,NZ,1601160144,60.01,100,98,5.99,-36.83,175.7
238,Cocoa,US,1601159863,89.6,40,70,8.05,28.39,-80.74
239,São Marcos,BR,1601160145,78.01,39,38,1.86,-28.97,-51.07
240,Broken Hill,AU,1601160145,48.2,1,70,6.93,-31.95,141.43
241,Ahipara,NZ,1601159609,60.67,94,79,12.95,-35.17,173.17
242,Clarksdale,US,1601160146,75.2,62,73,5.03,34.2,-90.57
243,Port Hardy,CA,1601160146,55.4,75,87,2.24,50.7,-127.42
244,Conde,BR,1601160146,75.2,5,88,8.05,-7.26,-34.91
245,Kahului,US,1601160146,89.6,40,43,17.22,20.89,-156.47
246,Peniche,PT,1601160147,64.99,20,82,5.99,39.36,-9.38
247,Nanortalik,GL,1601160147,38.21,85,81,11.07,60.14,-45.24
248,Beringovskiy,RU,1601159560,36.57,15,76,16.02,63.05,179.32
249,Beloha,MG,1601160147,67.73,0,86,3.42,-25.17,45.05
250,San Cristobal,VE,1601160147,87.8,40,55,10.29,7.77,-72.22
251,Mahibadhoo,MV,1601160148,81.86,94,76,8.05,3.78,72.97
252,Camaná,PE,1601160148,59.7,88,79,8.14,-16.62,-72.71
253,Berlevåg,NO,1601160148,41.61,6,67,17.0,70.86,29.09
254,Tieling,CN,1601160149,59.0,0,77,5.91,42.29,123.84
255,Usinsk,RU,1601160149,49.23,75,93,13.2,65.99,57.53
256,Kysyl-Syr,RU,1601160149,45.55,100,95,5.99,63.9,122.76
257,Brownsville,US,1601159850,91.4,20,59,14.99,25.9,-97.5
258,Russell,US,1601159636,82.4,20,54,3.18,32.35,-85.2
259,East London,ZA,1601160150,55.83,4,54,16.98,-33.02,27.91
260,Krasnyy Luch,UA,1601160150,61.18,13,44,17.09,48.14,38.94
261,Radzionków,PL,1601160150,46.99,100,91,1.01,50.4,18.9
262,Sobolevo,RU,1601160150,56.7,0,60,12.41,54.43,31.9
263,Sakakah,SA,1601160151,78.8,0,27,9.17,29.97,40.21
264,Pueblo,US,1601160151,93.2,1,7,18.34,38.25,-104.61
265,Carnarvon,AU,1601160151,57.2,2,100,8.05,-24.87,113.63
266,Ust'-Ishim,RU,1601160151,45.23,98,82,4.09,57.69,71.17
267,Kudahuvadhoo,MV,1601160151,82.53,67,74,9.19,2.67,72.89
268,Araouane,ML,1601160152,94.57,0,10,1.63,18.9,-3.53
269,Ban Tak,TH,1601160152,74.86,97,87,4.21,17.04,99.08
270,Narsaq,GL,1601160152,33.55,17,88,3.49,60.92,-46.05
271,Kumul,CN,1601160152,54.48,1,38,12.15,42.8,93.45
272,Haines Junction,CA,1601159553,48.76,99,70,6.08,60.75,-137.51
273,Saldanha,ZA,1601160153,46.4,27,75,1.12,-33.01,17.94
274,General Pico,AR,1601160153,53.55,93,96,4.83,-35.66,-63.76
275,Natal'insk,RU,1601160153,44.8,14,88,2.35,56.47,57.87
276,Moscow,RU,1601159985,61.0,91,67,4.47,55.75,37.62
277,Aksu,CN,1601159948,61.05,90,32,8.68,41.12,80.26
278,Chui,UY,1601160154,60.4,99,94,10.07,-33.7,-53.46
279,Bubaque,GW,1601160154,81.3,55,80,13.18,11.28,-15.83
280,Mweka,CD,1601160155,69.58,37,85,1.99,-4.85,21.57
281,Byron Bay,AU,1601160155,61.0,0,36,11.41,-28.65,153.62
282,Gomel,BY,1601160155,66.2,0,59,11.18,52.43,30.98
283,Akdepe,TM,1601160063,48.2,26,49,9.17,42.06,59.38
284,Örnsköldsvik,SE,1601160066,44.6,100,100,10.29,63.29,18.72
285,Isangel,VU,1601160156,79.39,10,74,9.44,-19.55,169.27
286,Manchester,GB,1601159978,51.01,90,61,11.41,53.48,-2.24
287,Pisco,PE,1601160156,66.2,3,72,18.34,-13.7,-76.22
288,Lagan,RU,1601160156,65.64,99,57,22.17,45.39,47.37
289,College,US,1601160157,50.0,40,66,5.82,64.86,-147.8
290,Mossamedes,AO,1601160157,61.66,75,89,7.9,-15.2,12.15
291,Pahrump,US,1601159575,97.0,17,10,1.01,36.21,-115.98
292,Medicine Hat,CA,1601159404,63.0,40,34,14.99,50.05,-110.67
293,Bilma,NE,1601160157,86.81,0,13,0.94,18.69,12.92
294,Lima,PE,1601160095,63.0,40,77,12.75,-12.04,-77.03
295,Sauda,NO,1601160158,60.01,59,79,9.53,59.65,6.35
296,Tiksi,RU,1601160158,41.16,100,79,6.64,71.69,128.87
297,Paamiut,GL,1601160158,39.34,0,75,11.83,61.99,-49.67
298,Houston,US,1601159700,90.0,40,43,4.7,29.76,-95.36
299,Bloemfontein,ZA,1601160159,41.0,0,38,3.36,-29.12,26.21
300,Mgandu,TZ,1601160159,63.01,72,68,6.82,-5.95,34.13
301,Turukhansk,RU,1601160159,40.03,92,88,12.75,65.82,87.98
302,Itoman,JP,1601160159,73.4,75,78,17.22,26.12,127.67
303,Dukat,RU,1601160159,41.22,0,65,6.85,62.55,155.55
304,Durango,MX,1601159908,76.39,3,27,5.17,24.83,-104.83
305,Łapy,PL,1601160160,69.01,99,59,17.29,52.99,22.88
306,São João de Pirabas,BR,1601159894,78.58,78,78,9.1,-0.77,-47.18
307,Inuvik,CA,1601159893,35.6,90,100,12.75,68.35,-133.72
308,Srīvardhan,IN,1601159890,77.95,57,82,1.54,18.03,73.02
309,Brigantine,US,1601160160,73.0,1,83,9.17,39.41,-74.36
310,Tezu,IN,1601160161,73.09,100,81,1.95,27.92,96.17
311,Mabaruma,GY,1601160161,77.59,99,86,2.8,8.2,-59.78
312,Dikson,RU,1601160161,38.62,100,79,29.04,73.51,80.55
313,Arrondissement de Laon,FR,1601160161,50.0,100,93,9.17,49.57,3.67
314,Qarqīn,AF,1601160162,56.21,0,36,5.26,37.42,66.04
315,Rio Grande,BR,1601160162,64.0,100,97,7.0,-32.03,-52.1
316,At-Bashi,KG,1601160162,45.55,99,51,1.48,41.17,75.81
317,Tuatapere,NZ,1601160162,45.0,100,86,15.01,-46.13,167.68
318,Talakan,RU,1601160162,52.68,59,82,9.06,50.32,130.37
319,Fortuna,US,1601160163,71.6,90,73,11.41,40.6,-124.16
320,Phang Nga,TH,1601160163,82.4,40,78,10.29,8.45,98.53
321,Zemio,CF,1601160163,69.66,100,96,0.31,5.03,25.14
322,Ust'-Karsk,RU,1601160164,40.95,1,82,7.63,52.7,118.81
323,Beidao,CN,1601160164,58.98,97,76,4.99,34.57,105.89
324,Ust-Nera,RU,1601160164,42.55,83,59,4.38,64.57,143.2
325,Rosarito,MX,1601160164,77.0,5,57,11.41,32.33,-117.03
326,São Filipe,CV,1601160165,81.45,35,83,3.33,14.9,-24.5
327,Oyabe,JP,1601159982,66.99,75,93,2.24,36.68,136.87
328,Avarua,CK,1601160041,75.2,58,73,6.93,-21.21,-159.78
329,Perovo,UA,1601159936,65.68,17,75,12.57,44.93,34.07
330,Mount Gambier,AU,1601160165,48.2,90,93,5.82,-37.83,140.77
331,Tcholliré,CM,1601160165,71.73,100,96,3.96,8.4,14.17
332,Gravdal,NO,1601160166,41.94,60,67,9.57,68.12,13.5
333,Mahébourg,MU,1601160166,68.0,40,82,4.7,-20.41,57.7
334,Te Anau,NZ,1601160166,43.41,99,84,7.85,-45.42,167.72
335,Lyuban',BY,1601159636,65.28,1,51,15.86,52.8,28.0
336,Airai,TL,1601160167,66.9,99,63,3.29,-8.93,125.41
337,Yumen,CN,1601160167,47.59,45,39,12.33,40.28,97.2
338,Cherskiy,RU,1601160167,39.33,1,75,17.54,68.75,161.3
339,Mandera,KE,1601160167,79.47,29,58,17.98,3.94,41.87
340,Kjøpsvik,NO,1601160168,32.0,50,77,10.29,68.1,16.37
341,Qaqortoq,GL,1601160168,36.55,30,88,6.98,60.72,-46.03
342,Mt. Pleasant,US,1601160168,80.01,1,88,6.15,32.79,-79.86
343,Laval,CA,1601159873,79.0,75,53,6.93,45.57,-73.69
344,Qingquan,CN,1601160168,65.77,81,90,2.19,30.45,115.26
345,Cabo Rojo,PR,1601160169,82.99,56,85,4.27,18.09,-67.15
346,Chubbuck,US,1601160169,66.2,40,37,32.21,42.92,-112.47
347,Ponta Porã,BR,1601159915,95.0,0,23,4.7,-22.54,-55.73
348,Monywa,MM,1601160169,76.66,95,87,7.43,22.12,95.13
349,Yate,GB,1601160169,51.01,1,75,3.0,51.54,-2.42
350,Yashkino,RU,1601160170,41.0,75,93,4.47,55.87,85.43
351,Saryagash,KZ,1601160170,55.4,54,58,2.24,41.45,69.17
352,Bhadravati,IN,1601160170,70.02,100,88,4.36,13.87,75.72
353,Dongsheng,CN,1601160170,53.67,74,85,18.84,39.82,109.98
354,Kenai,US,1601160171,51.8,90,81,9.75,60.55,-151.26
355,Carutapera,BR,1601160171,77.88,99,80,7.63,-1.2,-46.02
356,Severo-Kuril'sk,RU,1601160171,50.13,93,69,4.54,50.68,156.12
357,Mocuba,MZ,1601160171,77.85,0,38,5.59,-16.84,36.99
358,Lüderitz,NA,1601159581,54.0,0,65,22.21,-26.65,15.16
359,Mnogovershinnyy,RU,1601160172,49.21,8,91,3.94,53.94,139.92
360,Mandalgovi,MN,1601160172,40.5,55,59,10.13,45.76,106.27
361,Christchurch,NZ,1601159374,59.0,12,62,18.34,-43.53,172.63
362,General José Eduvigis Díaz,PY,1601160172,98.6,2,29,5.82,-27.17,-58.42
363,Upata,VE,1601160172,74.08,100,93,3.49,8.01,-62.4
364,Yucaipa,US,1601160000,93.2,5,17,6.93,34.03,-117.04
365,Usta Muhammad,PK,1601160173,78.57,0,28,4.85,28.18,68.04
366,Viedma,AR,1601160173,59.79,100,68,9.13,-40.81,-63.0
367,Diamantino,BR,1601160173,84.42,37,44,3.44,-14.41,-56.45
368,Portland,US,1601159773,70.0,40,60,8.05,45.52,-122.68
369,Stephenville,US,1601160079,86.0,1,45,12.75,32.22,-98.2
370,Pangnirtung,CA,1601160174,32.85,73,89,2.86,66.15,-65.71
371,Katsuura,JP,1601160174,66.0,100,90,12.77,35.13,140.3
372,Road Town,VG,1601160174,84.0,2,81,15.01,18.42,-64.62
373,Kashary,RU,1601160175,57.83,0,45,15.28,49.04,41.01
374,San Patricio,MX,1601160175,87.8,40,70,11.41,19.22,-104.7
375,Camocim,BR,1601160175,77.61,28,79,14.43,-2.9,-40.84
376,‘Ewa Beach,US,1601160005,87.8,40,58,12.75,21.32,-158.01
377,São José da Coroa Grande,BR,1601160176,74.86,100,85,6.64,-8.9,-35.15
378,Polis,CY,1601160176,69.8,0,73,8.05,35.04,32.43
379,Sola,VU,1601160176,80.33,85,81,20.11,-13.88,167.55
380,San Quintín,MX,1601159581,72.03,36,70,9.93,30.48,-115.95
381,Flin Flon,CA,1601160176,62.6,40,48,11.41,54.77,-101.86
382,Puerto Carreño,CO,1601160177,81.23,57,78,7.31,6.19,-67.49
383,Guánica,PR,1601160177,79.0,73,92,2.95,17.97,-66.91
384,Bathsheba,BB,1601159607,80.6,40,83,9.17,13.22,-59.52
385,Flinders,AU,1601160177,59.0,2,55,5.01,-34.58,150.86
386,Chara,RU,1601160177,40.42,44,73,4.38,56.91,118.26
387,Mubi,NG,1601160178,72.23,94,87,4.29,10.27,13.26
388,Aljezur,PT,1601160178,60.01,29,86,1.99,37.32,-8.8
389,Broome,US,1601159916,68.0,90,82,6.93,42.25,-75.83
390,Phalaborwa,ZA,1601160178,64.62,18,70,14.76,-23.94,31.14
391,Ruteng,ID,1601160178,65.43,90,99,2.26,-8.61,120.47
392,Codrington,AU,1601160179,50.13,35,68,7.2,-38.27,141.97
393,Tarko-Sale,RU,1601160179,42.01,81,91,1.01,64.92,77.78
394,Alekseyevsk,RU,1601160179,39.61,99,91,5.01,57.84,108.35
395,Vao,NC,1601160179,73.42,2,90,7.94,-22.67,167.48
396,Pointe Michel,DM,1601160180,82.4,75,83,3.36,15.25,-61.38
397,Smithers,CA,1601160029,57.2,40,44,6.58,54.78,-127.17
398,Sunrise Manor,US,1601160180,98.6,1,6,5.82,36.21,-115.07
399,Kazachinskoye,RU,1601160180,43.34,91,92,5.14,57.7,93.28
400,Whyalla,AU,1601160180,48.2,0,93,6.87,-33.03,137.58
401,Qidong,CN,1601160068,70.0,0,87,3.0,31.81,121.66
402,Semey,KZ,1601160181,40.68,80,79,8.12,50.41,80.23
403,Srednekolymsk,RU,1601160181,46.04,12,56,7.99,67.45,153.68
404,Ninghai,CN,1601160181,69.01,87,99,4.43,29.29,121.42
405,Coyhaique,CL,1601160182,51.8,75,53,6.93,-45.58,-72.07
406,Maceió,BR,1601159986,77.0,40,78,6.93,-9.67,-35.74
407,Whitehorse,CA,1601160071,53.01,75,57,11.41,60.72,-135.05
408,Kasempa,ZM,1601160182,68.14,0,25,4.03,-13.46,25.83
409,Brae,GB,1601160182,44.6,0,81,14.99,60.4,-1.35
410,Neuquén,AR,1601160020,64.4,20,22,10.29,-38.95,-68.06
411,Yerbogachën,RU,1601160183,35.69,0,91,6.29,61.28,108.01
412,Grand-Lahou,CI,1601160183,75.04,45,92,8.1,5.14,-5.02
413,Nouadhibou,MR,1601160183,86.0,17,51,20.8,20.93,-17.03
414,San Juan,AR,1601160183,65.59,0,28,13.8,-31.54,-68.54
415,Bereda,ES,1601160184,60.01,100,100,1.99,43.27,-7.54
416,Lompoc,US,1601160184,75.99,1,60,19.46,34.64,-120.46
417,Alofi,NU,1601160184,78.8,61,65,19.46,-19.06,-169.92
418,San Vicente,AR,1601160184,79.05,6,36,4.47,-26.62,-54.13
419,Port Hawkesbury,CA,1601160185,59.0,40,72,4.7,45.62,-61.35
420,Rutana Province,BI,1601160185,60.55,26,79,2.68,-3.87,30.1
421,Wajir,KE,1601160185,76.64,6,65,13.67,1.75,40.06
422,Campo Maior,BR,1601160185,85.03,49,37,1.43,-4.83,-42.17
423,Ugoofaaru,MV,1601160186,81.36,100,80,10.45,5.67,73.0
424,Esim,GH,1601160186,75.07,54,92,7.38,4.87,-2.24
425,Kaoma,ZM,1601160186,68.14,12,25,2.57,-14.78,24.8
426,Las Vegas,US,1601160003,99.0,1,8,5.82,36.17,-115.14
427,Forbes,AU,1601160187,48.58,0,66,5.68,-33.38,148.02
428,Kharan,PK,1601160187,66.18,0,21,4.29,28.58,65.42
429,Verkhnyaya Inta,RU,1601160082,53.76,100,88,16.98,65.98,60.31
430,Olafsvik,IS,1601160187,46.29,30,87,7.58,64.89,-23.71
431,Batemans Bay,AU,1601160188,55.0,2,71,1.01,-35.72,150.18
432,Tabriz,IR,1601160102,66.2,20,55,6.93,38.08,46.29
433,Weston,US,1601160188,82.4,90,88,8.05,26.1,-80.4
434,Conway,US,1601160188,77.0,75,61,9.17,35.09,-92.44
435,Tiznit Province,MA,1601160188,66.9,20,69,5.64,29.58,-9.5
436,Nemuro,JP,1601160189,58.42,100,91,30.89,43.32,145.57
437,Moose Factory,CA,1601160189,66.2,1,77,8.05,51.26,-80.61
438,Nsanje,MW,1601160189,78.98,0,29,1.3,-16.92,35.26
439,‘Āhuimanu,US,1601160189,87.8,75,65,12.75,21.44,-157.84
440,Khagaria,IN,1601160190,77.13,73,96,4.72,25.5,86.48
441,Mount Isa,AU,1601160104,69.8,0,19,6.93,-20.73,139.5
442,Machiques,VE,1601160190,80.49,72,76,4.27,10.06,-72.55
443,Ngunguru,NZ,1601160190,61.0,100,94,7.0,-35.62,174.5
444,Al Bardīyah,LY,1601160191,76.51,0,89,17.49,31.76,25.09
445,Tautira,PF,1601160191,86.0,20,62,13.87,-17.73,-149.15
446,Piedras Negras,MX,1601159910,96.8,5,56,5.82,28.7,-100.52
447,Katherine,AU,1601160191,82.4,64,61,5.82,-14.47,132.27
448,Joaíma,BR,1601160192,72.3,0,72,2.77,-16.65,-41.03
449,Cabatuan,PH,1601160192,79.09,98,81,3.04,10.88,122.49
450,Christiana,ZA,1601160192,43.92,0,47,8.52,-27.91,25.16
451,Shawnee,US,1601160192,91.4,1,36,12.75,39.05,-95.77
452,Port Macquarie,AU,1601160193,60.01,0,54,6.93,-31.43,152.92
453,Beatrice,US,1601160193,93.2,1,24,16.11,40.27,-96.75
454,Najrān,SA,1601160126,75.2,0,23,2.24,17.49,44.13
455,Grindavik,IS,1601160193,46.4,75,93,13.87,63.84,-22.43
456,Houma,US,1601160193,84.2,40,66,5.82,29.6,-90.72
457,Borshchiv,UA,1601160194,61.0,100,86,4.0,48.8,26.04
458,Khāsh,IR,1601160194,57.99,0,33,3.51,28.22,61.22
459,Ylivieska,FI,1601160194,52.0,100,96,5.23,64.08,24.55
460,Dunedin,NZ,1601160194,46.99,100,75,22.5,-45.87,170.5
461,Likasi,CD,1601160195,63.27,22,67,3.87,-10.98,26.73
462,Le Port,RE,1601160195,69.8,1,64,11.41,-20.94,55.29
463,Tabuk,PH,1601160195,76.55,95,85,2.28,17.42,121.44
464,Abhā,SA,1601160058,66.2,0,30,6.33,18.22,42.51
465,Tiarei,PF,1601160195,86.0,20,62,13.87,-17.53,-149.33
466,Vila Franca do Campo,PT,1601160196,69.8,75,83,13.87,37.72,-25.43
467,Teknāf,BD,1601160196,77.67,92,91,8.14,20.86,92.31
468,Inírida,CO,1601160196,76.19,89,95,2.8,3.87,-67.92
469,Novy Urengoy,RU,1601160196,45.54,87,93,9.13,66.08,76.63
470,Kosh-Agach,RU,1601160197,23.74,5,87,1.3,50.0,88.67
471,Esmeraldas,BR,1601160197,78.8,0,44,10.29,-19.76,-44.31
472,Greenville,US,1601160197,73.99,40,83,4.7,35.61,-77.37
473,Nome,US,1601159618,39.99,40,51,8.05,64.5,-165.41
474,Härnösand,SE,1601160197,51.01,90,93,5.82,62.63,17.94
475,Rognan,NO,1601160198,36.0,5,93,6.15,67.1,15.39
476,Sandy Bay,AU,1601160198,48.0,75,49,16.11,-42.91,147.35
477,San Pedro de Urabá,CO,1601160198,86.0,40,70,4.7,8.28,-76.38
478,Arlit,NE,1601160198,93.7,0,12,5.28,18.74,7.39
479,Cabedelo,BR,1601160199,75.2,0,88,8.05,-6.98,-34.83
480,Kolpashevo,RU,1601160199,35.38,25,94,5.39,58.31,82.91
481,Los Llanos de Aridane,ES,1601160199,75.2,90,73,17.22,28.66,-17.92
482,Jamiltepec,MX,1601160199,73.83,99,99,1.07,16.28,-97.82
483,Phuket,TH,1601160199,84.0,40,78,10.29,8.0,98.25
484,Dali,CN,1601160104,61.68,92,88,2.91,25.7,100.18
485,Shimoda,JP,1601160200,60.01,100,96,1.99,34.67,138.95
486,Sisimiut,GL,1601160200,35.1,100,86,12.68,66.94,-53.67
487,Aktau,KZ,1601160200,57.2,99,26,15.66,43.65,51.2
488,Zwedru,LR,1601160200,70.45,100,97,2.42,6.07,-8.13
489,Natal,BR,1601160037,77.0,20,73,12.75,-5.79,-35.21
490,Barcelona,ES,1601160168,68.0,20,49,16.11,41.39,2.16
491,Tomatlán,MX,1601160201,84.72,30,70,6.4,19.93,-105.25
492,Khovd,MN,1601160201,37.71,92,70,2.06,48.01,91.64
493,Aden,YE,1601160149,85.53,3,82,14.85,12.78,45.04
494,Lagoa,PT,1601160202,69.46,0,83,16.4,39.05,-27.98
495,Jasper,US,1601160202,87.8,1,43,14.99,37.2,-94.35
496,Jesús de Otoro,HN,1601160202,78.69,73,78,1.12,14.48,-87.98
497,Tumwater,US,1601160203,60.8,90,82,5.82,47.01,-122.91
498,Baruun-Urt,MN,1601160203,44.33,28,57,6.06,46.68,113.28
499,Trairi,BR,1601160203,77.32,0,81,11.16,-3.28,-39.27
500,Tashtyp,RU,1601160203,31.28,0,96,3.02,52.79,89.9
501,Takoradze,GH,1601160203,74.57,16,93,7.43,4.88,-1.76
502,Nichinan,JP,1601160204,66.2,20,93,6.93,31.6,131.37
503,Chegdomyn,RU,1601160204,52.65,11,76,1.7,51.12,133.02
504,Bodden Town,KY,1601160204,87.8,20,70,6.93,19.28,-81.25
505,Kourou,GF,1601160205,82.4,2,74,4.7,5.16,-52.65
506,Sittwe,MM,1601160205,79.75,92,85,5.3,20.15,92.9
507,Quatre Cocos,MU,1601160205,69.01,40,82,4.7,-20.21,57.76
508,Zlobin,HR,1601160205,57.99,20,87,5.82,45.29,14.65
509,Wajid,SO,1601160205,75.34,13,66,18.3,3.81,43.25
510,Zheleznodorozhnyy,RU,1601160206,61.0,59,81,8.95,55.75,38.0
511,Madimba,TZ,1601160206,73.58,10,87,7.65,-10.4,40.33
512,Cotonou,BJ,1601160206,75.2,20,94,2.24,6.37,2.42
513,Cururupu,BR,1601160207,75.51,95,88,3.31,-1.83,-44.87
514,Port Hedland,AU,1601160207,66.2,15,93,5.82,-20.32,118.57
515,The Pas,CA,1601160207,66.2,1,45,6.93,53.83,-101.25
516,Tessalit,ML,1601160207,88.3,0,12,10.65,20.2,1.01
517,Eureka,US,1601160131,73.99,90,84,4.0,40.8,-124.16
518,Paita,PE,1601160208,64.31,21,79,14.97,-5.09,-81.11
519,Caravelas,BR,1601160208,70.86,0,84,5.19,-17.71,-39.25
520,Khandyga,RU,1601160208,50.65,96,48,8.68,62.67,135.6
521,Daşoguz,TM,1601160208,48.2,21,49,9.17,41.84,59.97
522,Banda Aceh,ID,1601160208,78.24,100,84,8.48,5.56,95.32
523,Lata,PT,1601160209,64.0,58,90,3.2,40.16,-8.33
524,Juradó,CO,1601160209,77.65,90,84,3.53,7.11,-77.76
525,Jamālpur,BD,1601160069,77.79,100,94,9.42,24.92,89.93
526,Huejuquilla el Alto,MX,1601160209,78.17,39,34,1.14,22.6,-103.87
527,Beira,MZ,1601160209,71.6,0,78,10.29,-19.84,34.84
528,North Bend,US,1601160210,71.01,75,93,10.29,43.41,-124.22
529,Buckingham,GB,1601160210,51.01,100,71,7.0,52.0,-0.99
530,Vallenar,CL,1601160210,60.17,2,43,3.29,-28.57,-70.76
531,Morón,AR,1601160211,66.0,90,88,6.93,-34.65,-58.62
532,Antigonish,CA,1601159952,61.0,6,78,1.99,45.62,-62.0
533,Ayan,RU,1601160211,48.6,2,79,2.28,56.45,138.17
534,Baft,IR,1601160211,58.73,0,30,4.12,29.23,56.61
535,Harbour Breton,CA,1601160211,55.0,60,100,1.01,47.48,-55.8
536,Chicama,PE,1601160212,65.26,26,73,7.81,-7.84,-79.15
537,Muros,ES,1601160212,62.01,90,91,1.01,42.78,-9.06
538,Pokhara,NP,1601160212,66.63,0,50,4.79,28.23,83.98
539,Sandpoint,US,1601160212,61.0,40,41,10.29,48.28,-116.55
540,Camaçari,BR,1601160213,78.8,20,69,8.05,-12.7,-38.32
541,Norrtälje,SE,1601160002,59.0,61,88,4.0,59.76,18.7
542,Pimentel,PE,1601160213,61.72,22,85,17.09,-6.84,-79.93
543,Aksarayskiy,RU,1601160213,57.2,15,67,15.66,46.79,48.01
544,Bianzhuang,CN,1601160213,62.24,0,87,5.55,34.85,118.04
545,Menongue,AO,1601160214,66.36,10,26,3.71,-14.66,17.69
546,Sambava,MG,1601160214,67.84,32,86,6.31,-14.27,50.17
547,Dvinskoy Bereznik,RU,1601160214,51.15,82,95,4.29,62.86,42.71
548,Acarí,PE,1601160214,62.28,46,70,6.76,-15.43,-74.62
549,Riyadh,SA,1601160215,82.4,0,26,2.24,24.69,46.72
550,Kushima,JP,1601160215,66.2,20,93,6.93,31.46,131.23
551,Waterloo,CA,1601160036,73.99,1,60,16.11,43.47,-80.52
552,Vengurla,IN,1601160215,78.8,75,100,4.7,15.87,73.63
553,Sibolga,ID,1601160029,73.8,98,83,3.15,1.74,98.78
554,Mildura,AU,1601160216,48.2,0,81,5.82,-34.2,142.15
555,Zhigansk,RU,1601160216,42.51,97,88,2.24,66.77,123.37
556,Weligama,LK,1601160216,77.41,29,89,5.44,5.97,80.42
557,Hansot,IN,1601160216,78.49,42,81,8.68,21.58,72.8
558,Giyani,ZA,1601160217,65.43,63,68,11.45,-23.3,30.72
559,Lavrentiya,RU,1601160217,37.17,82,78,16.26,65.58,-171.0
560,Clearwater,US,1601160145,87.8,1,69,9.17,27.97,-82.8
561,San Fernando del Valle de Catamarca,AR,1601160217,82.0,4,45,4.0,-28.47,-65.79
562,Wakkanai,JP,1601159949,54.86,100,88,29.77,45.41,141.67
563,Kavaratti,IN,1601160218,81.28,100,81,10.42,10.57,72.64
564,Hofn,IS,1601160093,48.9,100,96,12.24,64.25,-15.21
565,Sinnamary,GF,1601160063,79.95,5,80,10.4,5.38,-52.95
566,Maple Creek,CA,1601160218,59.95,20,34,22.12,49.92,-109.48
567,Bandarbeyla,SO,1601160218,76.64,37,80,23.53,9.49,50.81
568,Yong’an,CN,1601160218,50.49,16,81,4.56,39.7,113.69
569,Lucapa,AO,1601160219,70.12,0,76,3.87,-8.42,20.74
570,Grenå,DK,1601160219,60.8,100,93,13.87,56.42,10.88
571,Phan Thiet,VN,1601160219,77.56,96,81,3.8,10.93,108.1
572,Tura,IN,1601160219,73.17,100,99,4.41,25.52,90.22
573,Boguchany,RU,1601159984,41.23,85,90,5.48,58.38,97.45
574,Ojinaga,MX,1601160220,100.4,1,10,6.93,29.57,-104.42
575,Usakos,NA,1601160220,48.88,0,67,0.31,-22.0,15.6
576,Eidfjord,NO,1601160220,42.01,87,89,5.44,60.47,7.07
577,Osterholz-Scharmbeck,DE,1601160221,57.99,75,93,18.34,53.23,8.8
578,Darhan,MN,1601160221,40.19,15,76,1.61,49.49,105.92
